"","subreddit","count","correlation"
"1","AskReddit",2351431,80947.05
"2","politics",785049,49646.96
"3","nfl",524393,20788.24
"4","The_Donald",517306,33222.11
"5","news",370327,43763.88
"6","RocketLeagueExchange",338177,14845.87
"7","worldnews",321056,27471.73
"8","nba",312954,15529.1
"9","CFB",281663,11097.95
"10","pics",280404,18394.3
"11","funny",272156,21055.04
"12","leagueoflegends",251524,12074.71
"13","Overwatch",247326,7462.88
"14","videos",221689,15735.56
"15","SquaredCircle",219343,8654.23
"16","hockey",216220,6974.03
"17","gaming",214947,15915.02
"18","todayilearned",213291,11206.89
"19","pcmasterrace",203058,9732.28
"20","soccer",185691,10283.55
"21","Showerthoughts",162128,16836.72
"22","movies",161804,7785.87
"23","gifs",155318,11171.8
"24","GlobalOffensive",152314,9062.69
"25","NintendoSwitch",151067,5522.57
"26","relationships",136444,17138.27
"27","DotA2",124870,5180.57
"28","MMA",121406,8115.32
"29","pokemontrades",120050,4425.13
"30","FIFA",117439,4977.42
"31","anime",114043,3965.17
"32","AdviceAnimals",106905,5854.54
"33","conspiracy",102666,7158.78
"34","IAmA",102082,10281
"35","wow",99186,3580.54
"36","WTF",96958,5607.5
"37","aww",93824,7164.47
"38","2007scape",93039,5471.12
"39","Cricket",92881,3623.93
"40","teenagers",89957,9060
"41","hearthstone",89464,3905.59
"42","mildlyinteresting",87904,5392.48
"43","personalfinance",86802,9944.3
"44","buildapc",83054,2373.27
"45","gonewild",81387,10120.07
"46","Games",81255,9142.9
"47","Pokemongiveaway",80722,2563.79
"48","GlobalOffensiveTrade",80231,7174.86
"49","DestinyTheGame",77713,1841.77
"50","technology",77250,5811.7
"51","magicTCG",75979,2256.28
"52","europe",74653,5974.25
"53","xboxone",73418,4296.86
"54","FFBraveExvius",71815,1480.04
"55","trees",71511,3508.01
"56","StarWars",71071,3403.86
"57","explainlikeimfive",70220,11198.06
"58","television",69285,5465.32
"59","BlackPeopleTwitter",67365,4624.08
"60","AskMen",65829,4506.61
"61","Smite",65303,1585.9
"62","canada",65048,5093.89
"63","Fitness",64454,3300.94
"64","hiphopheads",64226,3976.43
"65","TwoXChromosomes",62854,9485.8
"66","pathofexile",62415,2465.38
"67","Futurology",62056,7367.64
"68","CringeAnarchy",61593,3560.51
"69","pokemongo",61114,2333.77
"70","india",60175,6112.8
"71","EnoughTrumpSpam",59347,4816.49
"72","OkCupid",59291,11176.5
"73","Rainbow6",58702,1891.03
"74","ukpolitics",58251,4211.29
"75","PS4",57334,2817.31
"76","CollegeBasketball",56999,1938.87
"77","battlefield_one",56919,2542.5
"78","ClashRoyale",56730,2519.17
"79","AskWomen",56600,3786.63
"80","unitedkingdom",56569,3831.29
"81","streetwear",55987,3194.06
"82","Jokes",55876,5372.07
"83","cars",55190,2843.31
"84","pokemon",54246,1896.2
"85","Android",52895,2686.49
"86","NHLHUT",52233,1781.39
"87","heroesofthestorm",52106,1500.15
"88","bindingofisaac",52060,1731.32
"89","jailbreak",51632,2702.88
"90","legaladvice",50913,4626.56
"91","Random_Acts_Of_Amazon",50277,440.34
"92","baseball",50219,1909.94
"93","RoastMe",50178,3584.36
"94","LifeProTips",50170,4368.7
"95","thedivision",50103,1478.24
"96","atheism",49760,2926.06
"97","Eve",49326,1252.69
"98","ffxiv",48603,1578.32
"99","Music",48436,3934.49
"100","Warframe",47645,1119.94
