"","X","subreddit","count","correlation","meme1","meme2","meme3","meme4"
"1",1,"AskReddit",2351431,80947.05,318,0,136,0
"2",2,"politics",785049,49646.96,137,0,0,0
"3",3,"nfl",524393,20788.24,110,0,8,0
"4",4,"The_Donald",517306,33222.11,68,0,1,0
"5",5,"news",370327,43763.88,47,0,0,0
"6",6,"RocketLeagueExchange",338177,14845.87,92,0,0,0
"7",7,"worldnews",321056,27471.73,53,0,2,0
"8",8,"nba",312954,15529.1,97,0,3,0
"9",9,"CFB",281663,11097.95,67,0,7,0
"10",10,"pics",280404,18394.3,32,0,6,0
"11",11,"funny",272156,21055.04,34,0,8,0
"12",12,"leagueoflegends",251524,12074.71,52,0,0,0
"13",13,"Overwatch",247326,7462.88,33,0,9,0
"14",14,"videos",221689,15735.56,38,0,103,0
"15",15,"SquaredCircle",219343,8654.23,59,0,2,0
"16",16,"hockey",216220,6974.03,52,0,36,0
"17",17,"gaming",214947,15915.02,51,0,15,0
"18",18,"todayilearned",213291,11206.89,37,0,5,0
"19",19,"pcmasterrace",203058,9732.28,14,0,9,0
"20",20,"soccer",185691,10283.55,44,0,18,0
"21",21,"Showerthoughts",162128,16836.72,28,0,3,0
"22",22,"movies",161804,7785.87,45,0,4,0
"23",23,"gifs",155318,11171.8,19,0,4,0
"24",24,"GlobalOffensive",152314,9062.69,10,0,10,0
"25",25,"NintendoSwitch",151067,5522.57,20,0,1,0
"26",26,"relationships",136444,17138.27,23,0,0,0
"27",27,"DotA2",124870,5180.57,15,0,13,0
"28",28,"MMA",121406,8115.32,89,0,3,0
"29",29,"pokemontrades",120050,4425.13,12,0,0,0
"30",30,"FIFA",117439,4977.42,13,0,0,0
"31",31,"anime",114043,3965.17,29,0,2,0
"32",32,"AdviceAnimals",106905,5854.54,33,0,0,0
"33",33,"conspiracy",102666,7158.78,24,0,0,0
"34",34,"IAmA",102082,10281,21,0,1,0
"35",35,"wow",99186,3580.54,16,0,0,0
"36",36,"WTF",96958,5607.5,10,0,2,0
"37",37,"aww",93824,7164.47,7,0,1,0
"38",38,"2007scape",93039,5471.12,29,0,1,0
"39",39,"Cricket",92881,3623.93,14,0,2,0
"40",40,"teenagers",89957,9060,9,0,4,0
"41",41,"hearthstone",89464,3905.59,13,0,5,0
"42",42,"mildlyinteresting",87904,5392.48,10,0,3,0
"43",43,"personalfinance",86802,9944.3,9,0,0,0
"44",44,"buildapc",83054,2373.27,9,0,1,0
"45",45,"gonewild",81387,10120.07,17,0,0,0
"46",46,"Games",81255,9142.9,19,0,0,0
"47",47,"Pokemongiveaway",80722,2563.79,3,0,0,0
"48",48,"GlobalOffensiveTrade",80231,7174.86,6,0,0,0
"49",49,"DestinyTheGame",77713,1841.77,13,0,1,0
"50",50,"technology",77250,5811.7,12,0,0,0
"51",51,"magicTCG",75979,2256.28,10,0,1,0
"52",52,"europe",74653,5974.25,14,0,7,0
"53",53,"xboxone",73418,4296.86,10,0,0,0
"54",54,"FFBraveExvius",71815,1480.04,4,0,0,0
"55",55,"trees",71511,3508.01,7,0,0,0
"56",56,"StarWars",71071,3403.86,14,0,3,0
"57",57,"explainlikeimfive",70220,11198.06,7,0,0,0
"58",58,"television",69285,5465.32,13,0,3,0
"59",59,"BlackPeopleTwitter",67365,4624.08,17,0,3,0
"60",60,"AskMen",65829,4506.61,10,0,4,0
"61",61,"Smite",65303,1585.9,14,0,3,0
"62",62,"canada",65048,5093.89,10,0,0,0
"63",63,"Fitness",64454,3300.94,3,0,0,0
"64",64,"hiphopheads",64226,3976.43,47,0,1,0
"65",65,"TwoXChromosomes",62854,9485.8,15,0,0,0
"66",66,"pathofexile",62415,2465.38,13,0,1,0
"67",67,"Futurology",62056,7367.64,9,0,0,0
"68",68,"CringeAnarchy",61593,3560.51,10,0,0,0
"69",69,"pokemongo",61114,2333.77,7,0,0,0
"70",70,"india",60175,6112.8,6,0,3,0
"71",71,"EnoughTrumpSpam",59347,4816.49,14,0,0,0
"72",72,"OkCupid",59291,11176.5,10,0,1,0
"73",73,"Rainbow6",58702,1891.03,13,0,0,0
"74",74,"ukpolitics",58251,4211.29,4,0,0,0
"75",75,"PS4",57334,2817.31,5,0,0,0
"76",76,"CollegeBasketball",56999,1938.87,15,0,4,0
"77",77,"battlefield_one",56919,2542.5,8,0,0,0
"78",78,"ClashRoyale",56730,2519.17,7,0,1,0
"79",79,"AskWomen",56600,3786.63,17,0,1,0
"80",80,"unitedkingdom",56569,3831.29,6,0,0,0
"81",81,"streetwear",55987,3194.06,9,0,0,0
"82",82,"Jokes",55876,5372.07,10,0,1,0
"83",83,"cars",55190,2843.31,10,0,1,0
"84",84,"pokemon",54246,1896.2,5,0,3,0
"85",85,"Android",52895,2686.49,5,0,1,0
"86",86,"NHLHUT",52233,1781.39,11,0,1,0
"87",87,"heroesofthestorm",52106,1500.15,8,0,1,0
"88",88,"bindingofisaac",52060,1731.32,12,0,0,0
"89",89,"jailbreak",51632,2702.88,2,0,3,0
"90",90,"legaladvice",50913,4626.56,2,0,0,0
"91",91,"Random_Acts_Of_Amazon",50277,440.34,4,0,0,0
"92",92,"baseball",50219,1909.94,11,0,0,0
"93",93,"RoastMe",50178,3584.36,9,0,0,0
"94",94,"LifeProTips",50170,4368.7,6,0,0,0
"95",95,"thedivision",50103,1478.24,19,0,0,0
"96",96,"atheism",49760,2926.06,13,0,0,0
"97",97,"Eve",49326,1252.69,10,0,1,0
"98",98,"ffxiv",48603,1578.32,10,0,0,0
"99",99,"Music",48436,3934.49,6,0,3,0
"100",100,"Warframe",47645,1119.94,7,0,13,0
