"","X","subreddit","count","Danielle","LuckyLuciano","Dankstorm","RickRoll"
"1",1,"AskReddit",5313844,192,0,0,0
"2",2,"politics",2230022,90,0,0,0
"3",3,"The_Donald",1584971,34,0,0,0
"4",4,"nfl",1141216,81,0,0,0
"5",5,"worldnews",1019007,20,0,0,0
"6",6,"news",946227,37,0,0,0
"7",7,"nba",794890,59,0,0,0
"8",8,"RocketLeagueExchange",771331,47,0,0,0
"9",9,"pics",760259,35,0,0,0
"10",10,"funny",618614,29,0,0,0
"11",11,"SquaredCircle",614675,21,0,0,0
"12",12,"leagueoflegends",597176,19,0,0,0
"13",13,"Overwatch",519692,16,0,0,0
"14",14,"videos",516509,24,0,0,0
"15",15,"gaming",504531,13,0,0,0
"16",16,"hockey",491704,25,0,0,0
"17",17,"todayilearned",489339,17,0,0,0
"18",18,"NintendoSwitch",459621,21,0,0,0
"19",19,"pcmasterrace",449693,10,0,0,0
"20",20,"soccer",447696,20,0,0,0
"21",21,"movies",404581,20,0,0,0
"22",22,"gifs",399803,23,0,0,0
"23",23,"GlobalOffensive",393956,7,0,0,0
"24",24,"CFB",388564,19,0,0,0
"25",25,"Showerthoughts",356278,10,0,0,0
"26",26,"relationships",318848,14,0,0,0
"27",27,"DotA2",293087,14,0,0,0
"28",28,"MMA",289886,23,0,0,0
"29",29,"anime",289192,17,0,0,0
"30",30,"FIFA",272423,3,0,0,0
"31",31,"pokemontrades",270215,2,0,0,0
"32",32,"AdviceAnimals",261513,9,0,0,0
"33",33,"conspiracy",261403,17,0,0,0
"34",34,"teenagers",241471,5,0,0,0
"35",35,"wow",232578,13,0,0,0
"36",36,"2007scape",225143,13,0,0,0
"37",37,"aww",219892,2,0,0,0
"38",38,"mildlyinteresting",213874,21,0,0,0
"39",39,"WTF",209829,4,0,0,0
"40",40,"personalfinance",205449,6,0,0,0
"41",41,"europe",200306,9,0,0,0
"42",42,"Cricket",198535,4,0,0,0
"43",43,"GlobalOffensiveTrade",195778,0,0,0,0
"44",44,"IAmA",195251,9,0,0,0
"45",45,"Games",195174,9,0,0,0
"46",46,"gonewild",191851,13,0,0,0
"47",47,"hearthstone",190003,4,0,0,0
"48",48,"canada",189247,10,0,0,0
"49",49,"buildapc",189076,1,0,0,0
"50",50,"TwoXChromosomes",177580,15,0,0,0
"51",51,"DestinyTheGame",171384,5,0,0,0
"52",52,"technology",170450,3,0,0,0
"53",53,"trees",168631,5,0,0,0
"54",54,"television",168433,10,0,0,0
"55",55,"EnoughTrumpSpam",167791,3,0,0,0
"56",56,"BlackPeopleTwitter",164326,34,0,0,0
"57",57,"explainlikeimfive",163318,6,0,0,0
"58",58,"jailbreak",162509,3,0,0,0
"59",59,"FFBraveExvius",159440,3,0,0,0
"60",60,"ukpolitics",157504,4,0,0,0
"61",61,"xboxone",155073,4,0,0,0
"62",62,"Smite",154012,5,0,0,0
"63",63,"AskMen",153525,5,0,0,0
"64",64,"CollegeBasketball",152396,12,0,0,0
"65",65,"StarWars",152126,4,0,0,0
"66",66,"Pokemongiveaway",151129,1,0,0,0
"67",67,"Fitness",149736,4,0,0,0
"68",68,"hiphopheads",148442,14,0,0,0
"69",69,"Rainbow6",146720,5,0,0,0
"70",70,"magicTCG",146342,3,0,0,0
"71",71,"pathofexile",145512,4,0,0,0
"72",72,"unitedkingdom",144991,1,0,0,0
"73",73,"CringeAnarchy",142796,6,0,0,0
"74",74,"ffxiv",142536,15,0,0,0
"75",75,"thedivision",135767,20,0,0,0
"76",76,"india",135521,6,0,0,0
"77",77,"ClashRoyale",134627,4,0,0,0
"78",78,"AskWomen",134208,6,0,0,0
"79",79,"RoastMe",131291,9,0,0,0
"80",80,"LifeProTips",130531,5,0,0,0
"81",81,"OkCupid",129186,6,0,0,0
"82",82,"PS4",128796,1,0,0,0
"83",83,"pokemongo",128645,7,0,0,0
"84",84,"Jokes",127390,2,0,0,0
"85",85,"Futurology",126124,2,0,0,0
"86",86,"heroesofthestorm",124757,2,0,0,0
"87",87,"baseball",124256,2,0,0,0
"88",88,"streetwear",123445,7,0,0,0
"89",89,"cars",123203,8,0,0,0
"90",90,"pokemon",122123,3,0,0,0
"91",91,"Android",119861,9,0,0,0
"92",92,"Music",119120,7,0,0,0
"93",93,"NHLHUT",115513,6,0,0,0
"94",94,"battlefield_one",114763,2,0,0,0
"95",95,"atheism",114278,6,0,0,0
"96",96,"legaladvice",113967,1,0,0,0
"97",97,"Random_Acts_Of_Amazon",106724,5,0,0,0
"98",98,"Eve",104158,2,0,0,0
"99",99,"Warframe",101768,1,0,0,0
"100",100,"bindingofisaac",86292,5,0,0,0
